,Country or Area,Year,Value
0,Australia,2017,554126.561371222
1,Australia,2016,546771.759766853
2,Australia,2015,535173.674335188
3,Australia,2014,524957.101166521
4,Australia,2013,530433.518838951
5,Australia,2012,540615.864771614
6,Australia,2011,538280.6113488079
7,Australia,2010,537275.249361242
8,Australia,2009,540913.370343524
9,Australia,2008,537031.991694962
10,Australia,2007,533138.415296519
11,Australia,2006,526437.290027263
12,Australia,2005,521801.01017380203
13,Australia,2004,515931.287064878
14,Australia,2003,498118.96201147296
15,Australia,2002,496318.640680003
16,Australia,2001,492461.68129655
17,Australia,2000,485018.615860451
18,Australia,1999,474027.42803065
19,Australia,1998,468405.894183365
20,Australia,1997,454629.299253913
21,Australia,1996,442506.13903951104
22,Australia,1995,434912.95084431104
23,Australia,1994,426304.96754597104
24,Australia,1993,426232.230118475
25,Australia,1992,425702.48290808796
26,Australia,1991,421381.462949911
27,Australia,1990,420315.323177502
28,Austria,2017,82261.4680517736
29,Austria,2016,79596.1117706574
30,Austria,2015,78897.25289771361
31,Austria,2014,76679.7631564696
32,Austria,2013,80352.5317286566
33,Austria,2012,79811.3249244446
34,Austria,2011,82460.2996722024
35,Austria,2010,84753.2570429149
36,Austria,2009,80328.5022386276
37,Austria,2008,86816.1810374282
38,Austria,2007,87472.7353224966
39,Austria,2006,90117.3112066677
40,Austria,2005,92566.55644507609
41,Austria,2004,91382.83733687269
42,Austria,2003,91788.39314546289
43,Austria,2002,86110.74229886281
44,Austria,2001,84324.3408999896
45,Austria,2000,80414.9804413009
46,Austria,1999,80105.1788612909
47,Austria,1998,81702.1554499336
48,Austria,1997,82405.0797947174
49,Austria,1996,82874.6650928722
50,Austria,1995,79584.03448067111
51,Austria,1994,76206.7200449807
52,Austria,1993,75932.2967895208
53,Austria,1992,75750.4334282945
54,Austria,1991,82349.3135573646
55,Austria,1990,78670.3437208631
56,Belarus,2017,93959.64446438401
57,Belarus,2016,91582.8849900479
58,Belarus,2015,89959.157151925
59,Belarus,2014,94587.90276246
60,Belarus,2013,95363.611064766
61,Belarus,2012,94271.1569658992
62,Belarus,2011,93378.2734940134
63,Belarus,2010,93765.870462257
64,Belarus,2009,91458.3776153961
65,Belarus,2008,95568.2530417122
66,Belarus,2007,91742.3716970525
67,Belarus,2006,92216.0671930361
68,Belarus,2005,88283.0107482926
69,Belarus,2004,86915.9318924485
70,Belarus,2003,82103.5613452338
71,Belarus,2002,79935.9594634186
72,Belarus,2001,81242.6622045175
73,Belarus,2000,81240.870432977
74,Belarus,1999,82810.95958583901
75,Belarus,1998,86196.4448082329
76,Belarus,1997,89396.37052335529
77,Belarus,1996,85667.6886372585
78,Belarus,1995,83680.9970838297
79,Belarus,1994,91705.3271025991
80,Belarus,1993,107331.233943703
81,Belarus,1992,121000.13066380801
82,Belarus,1991,130877.612137488
83,Belarus,1990,139274.286473905
84,Belgium,2017,114539.90168583
85,Belgium,2016,115783.1773351
86,Belgium,2015,117122.08479424099
87,Belgium,2014,113505.967301877
88,Belgium,2013,119304.38396434301
89,Belgium,2012,119372.664891585
90,Belgium,2011,122198.356262845
91,Belgium,2010,132921.986175957
92,Belgium,2009,126262.686687931
93,Belgium,2008,138827.782299725
94,Belgium,2007,138960.919682924
95,Belgium,2006,142660.424402023
96,Belgium,2005,145283.841581003
97,Belgium,2004,149230.634026981
98,Belgium,2003,147932.26938169
99,Belgium,2002,147567.284195723
100,Belgium,2001,148131.890220995
101,Belgium,2000,149729.921792081
102,Belgium,1999,148644.593813474
103,Belgium,1998,154956.897507329
104,Belgium,1997,149781.669174165
105,Belgium,1996,158303.404525728
106,Belgium,1995,154665.230708266
107,Belgium,1994,152522.824534153
108,Belgium,1993,147890.396896217
109,Belgium,1992,148920.397683824
110,Belgium,1991,149323.541677736
111,Belgium,1990,146586.60682784198
112,Bulgaria,2017,61367.1644371524
113,Bulgaria,2016,59085.2184353746
114,Bulgaria,2015,61708.7020068857
115,Bulgaria,2014,58527.5928192881
116,Bulgaria,2013,55512.831864980195
117,Bulgaria,2012,60779.22883112769
118,Bulgaria,2011,65851.8979893724
119,Bulgaria,2010,60549.772395665
120,Bulgaria,2009,57970.042602300404
121,Bulgaria,2008,66953.7187656369
122,Bulgaria,2007,68359.1814823178
123,Bulgaria,2006,64485.1492892229
124,Bulgaria,2005,63906.7780678303
125,Bulgaria,2004,63341.6978133095
126,Bulgaria,2003,64192.909647484004
127,Bulgaria,2002,59718.2828800053
128,Bulgaria,2001,62677.5690148353
129,Bulgaria,2000,59566.5631681521
130,Bulgaria,1999,60690.1518292955
131,Bulgaria,1998,67934.0073183429
132,Bulgaria,1997,71788.0591710084
133,Bulgaria,1996,74771.2578272011
134,Bulgaria,1995,74605.7722488051
135,Bulgaria,1994,73099.2454592463
136,Bulgaria,1993,76758.8583198222
137,Bulgaria,1992,77785.627156819
138,Bulgaria,1991,83417.0494165274
139,Bulgaria,1990,101849.10725241901
140,Canada,2017,715749.23241154
141,Canada,2016,707727.165617479
142,Canada,2015,721992.0835573359
143,Canada,2014,723090.986330032
144,Canada,2013,722062.808064815
145,Canada,2012,711023.233137937
146,Canada,2011,703378.94918725
147,Canada,2010,692618.8533878829
148,Canada,2009,681699.295265029
149,Canada,2008,723225.103393441
150,Canada,2007,743766.909534822
151,Canada,2006,721444.528217199
152,Canada,2005,730349.4755675179
153,Canada,2004,742971.6441287759
154,Canada,2003,741002.787682284
155,Canada,2002,724348.553329597
156,Canada,2001,719733.428442391
157,Canada,2000,730587.6018049159
158,Canada,1999,707376.01525363
159,Canada,1998,694531.39397746
160,Canada,1997,686988.022262297
161,Canada,1996,672053.099319326
162,Canada,1995,651011.018005915
163,Canada,1994,633675.451903352
164,Canada,1993,612264.415775658
165,Canada,1992,610440.864288721
166,Canada,1991,593402.355386533
167,Canada,1990,602184.4411501529
168,Croatia,2017,25019.749371970098
169,Croatia,2016,24384.834170679198
170,Croatia,2015,24247.4164072443
171,Croatia,2014,23762.7250576896
172,Croatia,2013,24554.5423874369
173,Croatia,2012,25915.7422565134
174,Croatia,2011,27788.934782620898
175,Croatia,2010,28084.722365712798
176,Croatia,2009,28496.677686312003
177,Croatia,2008,30849.3697364281
178,Croatia,2007,31793.567750398703
179,Croatia,2006,30394.124722903798
180,Croatia,2005,30012.3335685029
181,Croatia,2004,29626.8528714338
182,Croatia,2003,29515.1941878935
183,Croatia,2002,28095.3019827258
184,Croatia,2001,27056.2512357219
185,Croatia,2000,25860.876918293397
186,Croatia,1999,26212.678930975602
187,Croatia,1998,25110.1282350418
188,Croatia,1997,24765.023457708998
189,Croatia,1996,23546.4234324996
190,Croatia,1995,22936.7510314243
191,Croatia,1994,22338.022535134798
192,Croatia,1993,23256.0694840878
193,Croatia,1992,23114.148472145098
194,Croatia,1991,25037.9971134042
195,Croatia,1990,31858.3616823847
196,Cyprus,2017,8945.264611629978
197,Cyprus,2016,8741.333258149449
198,Cyprus,2015,8303.20740523759
199,Cyprus,2014,8216.729833685209
200,Cyprus,2013,7843.02642665768
201,Cyprus,2012,8561.12816098376
202,Cyprus,2011,9101.56211196444
203,Cyprus,2010,9458.769791279141
204,Cyprus,2009,9775.350905316829
205,Cyprus,2008,10028.451082608399
206,Cyprus,2007,9881.220257745541
207,Cyprus,2006,9542.639528723521
208,Cyprus,2005,9333.44430295285
209,Cyprus,2004,9141.64330955495
210,Cyprus,2003,8940.286005336999
211,Cyprus,2002,8551.868523974621
212,Cyprus,2001,8326.275129155309
213,Cyprus,2000,8386.5043644085
214,Cyprus,1999,8128.098125951
215,Cyprus,1998,7860.113604008009
216,Cyprus,1997,7531.7262758651295
217,Cyprus,1996,7442.11875919643
218,Cyprus,1995,7095.553751600709
219,Cyprus,1994,7151.98402502473
220,Cyprus,1993,6898.56457632919
221,Cyprus,1992,6616.173944235849
222,Cyprus,1991,6183.147096933621
223,Cyprus,1990,5668.85258929381
224,Czechia,2017,128675.046758733
225,Czechia,2016,129756.684339864
226,Czechia,2015,127777.826070914
227,Czechia,2014,126758.46210497801
228,Czechia,2013,128691.098656356
229,Czechia,2012,133697.714737607
230,Czechia,2011,137753.143775587
231,Czechia,2010,139733.690550954
232,Czechia,2009,137214.51935273
233,Czechia,2008,145614.293000234
234,Czechia,2007,150336.764773055
235,Czechia,2006,148598.758002325
236,Czechia,2005,147494.14425428098
237,Czechia,2004,149624.671492104
238,Czechia,2003,148758.853523425
239,Czechia,2002,145505.518453234
240,Czechia,2001,149096.972913681
241,Czechia,2000,149333.519871155
242,Czechia,1999,139448.477561187
243,Czechia,1998,148998.235615398
244,Czechia,1997,155160.04948147302
245,Czechia,1996,159770.065100151
246,Czechia,1995,156717.543066155
247,Czechia,1994,157517.669679357
248,Czechia,1993,165018.181810672
249,Czechia,1992,172686.941688106
250,Czechia,1991,179181.862713215
251,Czechia,1990,197392.70411981898
252,Denmark,2017,49225.641483449406
253,Denmark,2016,51297.737215377194
254,Denmark,2015,49253.8533877321
255,Denmark,2014,51870.7988014991
256,Denmark,2013,56021.3660115959
257,Denmark,2012,54334.565515671
258,Denmark,2011,58946.94016923
259,Denmark,2010,64178.389803369806
260,Denmark,2009,63875.914437597996
261,Denmark,2008,66656.5312951215
262,Denmark,2007,70293.3142495525
263,Denmark,2006,74858.9734996958
264,Denmark,2005,67090.8675339292
265,Denmark,2004,71510.992872569
266,Denmark,2003,77644.9675538145
267,Denmark,2002,72590.3831710362
268,Denmark,2001,73066.2466634149
269,Denmark,2000,71367.5885969682
270,Denmark,1999,75672.1333036437
271,Denmark,1998,78076.8333405487
272,Denmark,1997,82058.4586854458
273,Denmark,1996,91499.9110955479
274,Denmark,1995,78332.1223385895
275,Denmark,1994,81266.9279459393
276,Denmark,1993,77370.3509281203
277,Denmark,1992,75165.4709111901
278,Denmark,1991,81145.74264790349
279,Denmark,1990,70515.4364007722
280,Estonia,2017,20879.8789305092
281,Estonia,2016,19664.9740030705
282,Estonia,2015,18126.699397449698
283,Estonia,2014,21147.379541038797
284,Estonia,2013,21941.9070304424
285,Estonia,2012,20170.8500206543
286,Estonia,2011,21258.9330513225
287,Estonia,2010,21213.674391668403
288,Estonia,2009,16757.925430041498
289,Estonia,2008,20046.1430902016
290,Estonia,2007,22224.6853023012
291,Estonia,2006,18498.0489347941
292,Estonia,2005,19203.2389553134
293,Estonia,2004,19374.7357325912
294,Estonia,2003,19110.045764877
295,Estonia,2002,17221.1916890992
296,Estonia,2001,17760.3508861953
297,Estonia,2000,17359.6162794649
298,Estonia,1999,17651.995916256797
299,Estonia,1998,18995.5566650803
300,Estonia,1997,20584.7238277463
301,Estonia,1996,20960.171607711698
302,Estonia,1995,20258.5457858406
303,Estonia,1994,22058.7426532967
304,Estonia,1993,21350.7407639851
305,Estonia,1992,27292.130168586802
306,Estonia,1991,37283.655696006805
307,Estonia,1990,40431.5076969454
308,European Union,2017,4323163.15129724
309,European Union,2016,4303391.86932903
310,European Union,2015,4327313.20315756
311,European Union,2014,4297635.76767634
312,European Union,2013,4468920.46246092
313,European Union,2012,4563064.70686337
314,European Union,2011,4626382.21402597
315,European Union,2010,4783627.78508711
316,European Union,2009,4681900.46015643
317,European Union,2008,5046999.42857922
318,European Union,2007,5162425.24769725
319,European Union,2006,5214524.885933001
320,European Union,2005,5228428.61909226
321,European Union,2004,5265368.64841412
322,European Union,2003,5265582.68508715
323,European Union,2002,5182922.83701885
324,European Union,2001,5223118.40954241
325,European Union,2000,5168911.90268119
326,European Union,1999,5172643.92202765
327,European Union,1998,5281519.48166372
328,European Union,1997,5326316.82367958
329,European Union,1996,5418671.89171297
330,European Union,1995,5308543.99663685
331,European Union,1994,5255297.26627382
332,European Union,1993,5281540.38977829
333,European Union,1992,5379830.54313405
334,European Union,1991,5555045.94532683
335,European Union,1990,5649529.341938
336,Finland,2017,55334.1338451499
337,Finland,2016,58044.3089552883
338,Finland,2015,55122.8520517171
339,Finland,2014,58733.066688802
340,Finland,2013,62893.82804841731
341,Finland,2012,62415.206904058796
342,Finland,2011,67805.3011157322
343,Finland,2010,75626.96674213941
344,Finland,2009,67804.0418044474
345,Finland,2008,71399.30900402111
346,Finland,2007,79513.2857600744
347,Finland,2006,81174.18470505219
348,Finland,2005,69812.8970765205
349,Finland,2004,81841.15255487901
350,Finland,2003,85531.91150671401
351,Finland,2002,77946.6707860203
352,Finland,2001,75490.2997029353
353,Finland,2000,70129.8215566361
354,Finland,1999,71981.47406019451
355,Finland,1998,72566.2048494561
356,Finland,1997,76255.5041267451
357,Finland,1996,77674.7641251509
358,Finland,1995,71788.15851434019
359,Finland,1994,75345.9128299533
360,Finland,1993,69727.6330346408
361,Finland,1992,67468.0485723826
362,Finland,1991,68905.0307142655
363,Finland,1990,71133.0094831229
364,France,2017,471028.18530531396
365,France,2016,467622.11223215604
366,France,2015,466384.614761895
367,France,2014,461479.20200373203
368,France,2013,491141.06396929204
369,France,2012,490856.471536369
370,France,2011,491009.447207556
371,France,2010,517115.539794043
372,France,2009,510350.60610492795
373,France,2008,530315.423997652
374,France,2007,536947.728020251
375,France,2006,547093.228922874
376,France,2005,559498.924554551
377,France,2004,557794.011023129
378,France,2003,559543.623811432
379,France,2002,554879.23927172
380,France,2001,561354.831834371
381,France,2000,556370.4532854679
382,France,1999,562660.842087451
383,France,1998,570618.92907282
384,France,1997,556744.4461579929
385,France,1996,564086.61885708
386,France,1995,546758.333164511
387,France,1994,538663.614248155
388,France,1993,545037.067628301
389,France,1992,566696.930776479
390,France,1991,578336.069807159
391,France,1990,551048.690848555
392,Germany,2017,906611.46376746
393,Germany,2016,911049.005597473
394,Germany,2015,907190.4822329109
395,Germany,2014,903196.413800795
396,Germany,2013,942250.0520782759
397,Germany,2012,924611.396101721
398,Germany,2011,920305.8517248391
399,Germany,2010,942541.8865780929
400,Germany,2009,908054.0232877791
401,Germany,2008,975645.901742101
402,Germany,2007,973941.703685705
403,Germany,2006,1000637.86113613
404,Germany,2005,993343.6773896059
405,Germany,2004,1019123.50033534
406,Germany,2003,1035574.18189397
407,Germany,2002,1038919.73117792
408,Germany,2001,1060271.28560015
409,Germany,2000,1045187.4344354001
410,Germany,1999,1047033.5120204
411,Germany,1998,1080728.8228479
412,Germany,1997,1106000.52204722
413,Germany,1996,1141084.76607261
414,Germany,1995,1123034.58594845
415,Germany,1994,1125835.19460356
416,Germany,1993,1144856.75361968
417,Germany,1992,1153796.49946706
418,Germany,1991,1203924.49235999
419,Germany,1990,1250992.60891226
420,Greece,2017,95420.7824492579
421,Greece,2016,91697.7328411575
422,Greece,2015,95330.37426525439
423,Greece,2014,99113.1058755791
424,Greece,2013,102546.572316616
425,Greece,2012,112146.280905253
426,Greece,2011,115453.96039880099
427,Greece,2010,118436.485584057
428,Greece,2009,124534.98988496099
429,Greece,2008,131716.460707391
430,Greece,2007,134996.581786056
431,Greece,2006,132390.97157442902
432,Greece,2005,136281.248064529
433,Greece,2004,131814.309665334
434,Greece,2003,131131.716166865
435,Greece,2002,127395.40335541301
436,Greece,2001,127398.952983144
437,Greece,2000,126346.422029197
438,Greece,1999,122983.419950976
439,Greece,1998,122812.00980009901
440,Greece,1997,117213.485431073
441,Greece,1996,112302.55740458099
442,Greece,1995,109155.967788079
443,Greece,1994,106804.210974922
444,Greece,1993,104013.094959671
445,Greece,1992,104423.08942906199
446,Greece,1991,103172.440329199
447,Greece,1990,103101.31285482801
448,Hungary,2017,63787.5798428156
449,Hungary,2016,61139.7800189102
450,Hungary,2015,60767.14312328809
451,Hungary,2014,57415.8204834258
452,Hungary,2013,56795.76913336809
453,Hungary,2012,59647.1823340557
454,Hungary,2011,63351.0090822244
455,Hungary,2010,64949.1341380355
456,Hungary,2009,64585.7922124757
457,Hungary,2008,70576.45231732019
458,Hungary,2007,72383.6199950447
459,Hungary,2006,74143.4465974389
460,Hungary,2005,75359.6573300283
461,Hungary,2004,75604.5147423041
462,Hungary,2003,76638.83538672549
463,Hungary,2002,73602.06658516769
464,Hungary,2001,75243.8553360609
465,Hungary,2000,73207.9710143854
466,Hungary,1999,76138.3656467
467,Hungary,1998,75668.3964088186
468,Hungary,1997,76126.0235284561
469,Hungary,1996,77621.2090629014
470,Hungary,1995,75319.5613414722
471,Hungary,1994,76733.4923332997
472,Hungary,1993,77860.24917903531
473,Hungary,1992,76993.7346913758
474,Hungary,1991,86996.9339772593
475,Hungary,1990,93655.92628306859
476,Iceland,2017,4754.64398392713
477,Iceland,2016,4639.913210416379
478,Iceland,2015,4715.09283772081
479,Iceland,2014,4634.49427799099
480,Iceland,2013,4598.7154254933
481,Iceland,2012,4601.8119533217405
482,Iceland,2011,4581.6415542801205
483,Iceland,2010,4844.821422073
484,Iceland,2009,4943.02834399058
485,Iceland,2008,5241.3965285552
486,Iceland,2007,4853.20651640048
487,Iceland,2006,4547.647130304779
488,Iceland,2005,3947.3100906950103
489,Iceland,2004,4088.2657411487703
490,Iceland,2003,3984.2194862951396
491,Iceland,2002,4005.90080506856
492,Iceland,2001,3935.29039132724
493,Iceland,2000,4037.6767728233503
494,Iceland,1999,4030.5173117379604
495,Iceland,1998,3806.96567597937
496,Iceland,1997,3644.7672241945793
497,Iceland,1996,3474.3191022831897
498,Iceland,1995,3426.1759360165197
499,Iceland,1994,3300.87650519844
500,Iceland,1993,3378.18842826825
501,Iceland,1992,3293.95794183094
502,Iceland,1991,3381.65271388796
503,Iceland,1990,3598.27058868961
504,Ireland,2017,60743.72525023019
505,Ireland,2016,61270.2016144391
506,Ireland,2015,59211.8125206129
507,Ireland,2014,57098.536885642
508,Ireland,2013,57410.2147514188
509,Ireland,2012,57611.5340974633
510,Ireland,2011,56989.1934353769
511,Ireland,2010,61104.8439011533
512,Ireland,2009,61547.23377893269
513,Ireland,2008,67301.8269380515
514,Ireland,2007,68018.49766815509
515,Ireland,2006,68782.2260714384
516,Ireland,2005,69495.03209770139
517,Ireland,2004,67963.8342180709
518,Ireland,2003,68662.57509209111
519,Ireland,2002,68428.6586196398
520,Ireland,2001,70475.25931682531
521,Ireland,2000,68478.4068609908
522,Ireland,1999,66308.69135428111
523,Ireland,1998,65173.6402043626
524,Ireland,1997,62652.4305458196
525,Ireland,1996,61272.6771513672
526,Ireland,1995,59177.472068131
527,Ireland,1994,57697.0255940621
528,Ireland,1993,56359.8153074209
529,Ireland,1992,55959.165606092996
530,Ireland,1991,56097.2621621524
531,Ireland,1990,55417.06344238349
532,Italy,2017,427707.84700829
533,Italy,2016,432119.010604574
534,Italy,2015,434043.793316207
535,Italy,2014,426211.749668455
536,Italy,2013,442708.383434046
537,Italy,2012,472722.35618789296
538,Italy,2011,492475.30674378
539,Italy,2010,505773.047466611
540,Italy,2009,496177.67052316
541,Italy,2008,547846.688807141
542,Italy,2007,560568.959523055
543,Italy,2006,570044.719529409
544,Italy,2005,580599.8907105239
545,Italy,2004,579999.234095701
546,Italy,2003,575695.547995376
547,Italy,2002,561242.99065002
548,Italy,2001,561225.2296724711
549,Italy,2000,554105.749469561
550,Italy,1999,548226.4557818429
551,Italy,1998,543114.43683801
552,Italy,1997,531865.2159754729
553,Italy,1996,525294.6478261921
554,Italy,1995,532419.0330143471
555,Italy,1994,503474.64597788104
556,Italy,1993,509407.903431504
557,Italy,1992,515451.152599314
558,Italy,1991,518908.77028809104
559,Italy,1990,517745.652875795
560,Japan,2017,1289630.58219042
561,Japan,2016,1305751.32761888
562,Japan,2015,1321466.53434942
563,Japan,2014,1360070.64932065
564,Japan,2013,1408057.25066147
565,Japan,2012,1396605.09931542
566,Japan,2011,1353795.03252237
567,Japan,2010,1302731.54675151
568,Japan,2009,1248598.69503036
569,Japan,2008,1321398.22604267
570,Japan,2007,1393442.08567374
571,Japan,2006,1357394.99077929
572,Japan,2005,1378956.84801415
573,Japan,2004,1371761.54288621
574,Japan,2003,1379176.14282756
575,Japan,2002,1373197.99964993
576,Japan,2001,1349407.0103079
577,Japan,2000,1374846.58796181
578,Japan,1999,1354486.37881734
579,Japan,1998,1330890.58781029
580,Japan,1997,1379442.88059068
581,Japan,1996,1387110.93623408
582,Japan,1995,1374496.13806979
583,Japan,1994,1353408.35845562
584,Japan,1993,1289062.30064714
585,Japan,1992,1296545.97263701
586,Japan,1991,1283840.34499133
587,Japan,1990,1270003.62184288
588,Latvia,2017,11306.1960422948
589,Latvia,2016,11268.723135166201
590,Latvia,2015,11255.9244124257
591,Latvia,2014,11173.493507021101
592,Latvia,2013,11259.7204275391
593,Latvia,2012,11327.4631074527
594,Latvia,2011,11489.3957118618
595,Latvia,2010,12279.2337581606
596,Latvia,2009,11176.1563558724
597,Latvia,2008,11873.991982888501
598,Latvia,2007,12339.4154247607
599,Latvia,2006,11883.7859385879
600,Latvia,2005,11387.930195783501
601,Latvia,2004,11206.7878482799
602,Latvia,2003,11221.6179957607
603,Latvia,2002,11043.4422473678
604,Latvia,2001,11062.1590288151
605,Latvia,2000,10487.7599513279
606,Latvia,1999,11102.3536496923
607,Latvia,1998,11883.5866286582
608,Latvia,1997,12382.5590835012
609,Latvia,1996,12934.445959043602
610,Latvia,1995,12893.287196224699
611,Latvia,1994,14269.2561571861
612,Latvia,1993,16199.6508187135
613,Latvia,1992,19616.5149269358
614,Latvia,1991,24365.5408755431
615,Latvia,1990,26259.459988556002
616,Liechtenstein,2017,193.62347834070098
617,Liechtenstein,2016,187.683610491231
618,Liechtenstein,2015,197.789480173407
619,Liechtenstein,2014,200.50015307146998
620,Liechtenstein,2013,232.132044574926
621,Liechtenstein,2012,225.55394563582598
622,Liechtenstein,2011,216.36479463717097
623,Liechtenstein,2010,229.463596988059
624,Liechtenstein,2009,244.354401142658
625,Liechtenstein,2008,259.005130633659
626,Liechtenstein,2007,239.003372143331
627,Liechtenstein,2006,268.30147493494303
628,Liechtenstein,2005,264.981006095206
629,Liechtenstein,2004,264.47482475148996
630,Liechtenstein,2003,263.811469653146
631,Liechtenstein,2002,253.55299758681198
632,Liechtenstein,2001,247.27980293517
633,Liechtenstein,2000,247.68118321001498
634,Liechtenstein,1999,257.07741205071
635,Liechtenstein,1998,260.06406212482
636,Liechtenstein,1997,249.082167562542
637,Liechtenstein,1996,236.501812799325
638,Liechtenstein,1995,234.102584444613
639,Liechtenstein,1994,230.279455537145
640,Liechtenstein,1993,243.83612726854
641,Liechtenstein,1992,236.68751756970502
642,Liechtenstein,1991,236.50281225833402
643,Liechtenstein,1990,228.993198432669
644,Lithuania,2017,20705.9432184475
645,Lithuania,2016,20510.1492387864
646,Lithuania,2015,20478.649998753997
647,Lithuania,2014,20215.203823276002
648,Lithuania,2013,20258.1734046362
649,Lithuania,2012,21502.613518202
650,Lithuania,2011,21574.9735191209
651,Lithuania,2010,21008.5851516396
652,Lithuania,2009,20152.1687989344
653,Lithuania,2008,24477.2651154862
654,Lithuania,2007,25388.9179484273
655,Lithuania,2006,23251.728961697598
656,Lithuania,2005,22965.870282459302
657,Lithuania,2004,21759.941413911398
658,Lithuania,2003,20894.8007603432
659,Lithuania,2002,20748.5233525823
660,Lithuania,2001,20359.3235953347
661,Lithuania,2000,19603.0015058939
662,Lithuania,1999,21139.4443483081
663,Lithuania,1998,23957.1263165669
664,Lithuania,1997,23011.271721418198
665,Lithuania,1996,23453.5334838375
666,Lithuania,1995,22401.2207060946
667,Lithuania,1994,23419.2586437086
668,Lithuania,1993,24882.781807534502
669,Lithuania,1992,30968.885833891803
670,Lithuania,1991,50247.1689331745
671,Lithuania,1990,48241.5065722593
672,Luxembourg,2017,10236.084411232
673,Luxembourg,2016,10051.9553539786
674,Luxembourg,2015,10294.9394951702
675,Luxembourg,2014,10786.880254400601
676,Luxembourg,2013,11238.6131640197
677,Luxembourg,2012,11781.2983566946
678,Luxembourg,2011,12061.974450616799
679,Luxembourg,2010,12180.077917468201
680,Luxembourg,2009,11607.67339497
681,Luxembourg,2008,12153.8820915163
682,Luxembourg,2007,12267.3276676162
683,Luxembourg,2006,12852.4530245154
684,Luxembourg,2005,13024.7639650513
685,Luxembourg,2004,12783.080532211101
686,Luxembourg,2003,11380.8373647433
687,Luxembourg,2002,10941.8894966386
688,Luxembourg,2001,10165.428531839301
689,Luxembourg,2000,9678.13891799322
690,Luxembourg,1999,9092.591027257
691,Luxembourg,1998,8626.679837838841
692,Luxembourg,1997,9504.70675522301
693,Luxembourg,1996,10154.5562847868
694,Luxembourg,1995,10093.178059854
695,Luxembourg,1994,12466.209691271399
696,Luxembourg,1993,13287.4743506122
697,Luxembourg,1992,13132.8517224072
698,Luxembourg,1991,13404.0903712896
699,Luxembourg,1990,12756.375913246202
700,Malta,2017,2151.5891081568802
701,Malta,2016,1895.6846694250303
702,Malta,2015,2188.16204185612
703,Malta,2014,2874.92893865331
704,Malta,2013,2860.03687491211
705,Malta,2012,3187.39606442745
706,Malta,2011,2997.46466396065
707,Malta,2010,2909.94412682855
708,Malta,2009,2878.39627798685
709,Malta,2008,3074.29707163427
710,Malta,2007,3066.1121547051503
711,Malta,2006,2962.97436980435
712,Malta,2005,2909.61786993252
713,Malta,2004,2829.6420169174103
714,Malta,2003,2894.69065934597
715,Malta,2002,2679.96566713589
716,Malta,2001,2676.36276199923
717,Malta,2000,2767.67699232784
718,Malta,1999,2754.65334453589
719,Malta,1998,2704.08641678154
720,Malta,1997,2691.95886289037
721,Malta,1996,2638.3341604204898
722,Malta,1995,2675.86728045764
723,Malta,1994,2676.4896043081
724,Malta,1993,2503.4763908989603
725,Malta,1992,2483.01044820659
726,Malta,1991,2280.2573683776
727,Malta,1990,2103.17534475521
728,Monaco,2017,86.8513427497772
729,Monaco,2016,87.89440248207409
730,Monaco,2015,89.0613616075436
731,Monaco,2014,84.1265472191791
732,Monaco,2013,90.3065120540975
733,Monaco,2012,88.5563427027547
734,Monaco,2011,85.7558238396902
735,Monaco,2010,87.6871016044618
736,Monaco,2009,87.80397028497829
737,Monaco,2008,92.9907513446508
738,Monaco,2007,94.9659708348048
739,Monaco,2006,92.00094620050601
740,Monaco,2005,98.9822413602848
741,Monaco,2004,100.03461944247101
742,Monaco,2003,104.371631985734
743,Monaco,2002,106.590412940446
744,Monaco,2001,106.512598077579
745,Monaco,2000,108.78009694199899
746,Monaco,1999,107.704072538934
747,Monaco,1998,106.168128107491
748,Monaco,1997,106.82875371435499
749,Monaco,1996,109.046743949104
750,Monaco,1995,104.644027666684
751,Monaco,1994,108.03830595101499
752,Monaco,1993,107.25497458658701
753,Monaco,1992,108.22585865075001
754,Monaco,1991,102.51414158759
755,Monaco,1990,101.593656524966
756,Netherlands,2017,193259.921882615
757,Netherlands,2016,195384.31637083602
758,Netherlands,2015,195560.41390453398
759,Netherlands,2014,187281.88112295
760,Netherlands,2013,194953.949235893
761,Netherlands,2012,195346.94278381602
762,Netherlands,2011,199235.363681044
763,Netherlands,2010,213363.025584435
764,Netherlands,2009,201412.673213917
765,Netherlands,2008,207095.00260034602
766,Netherlands,2007,207700.18187292898
767,Netherlands,2006,209233.95176172
768,Netherlands,2005,214308.461315688
769,Netherlands,2004,219970.33992168
770,Netherlands,2003,218563.74472246
771,Netherlands,2002,217878.899630578
772,Netherlands,2001,220007.27908359698
773,Netherlands,2000,219304.190511779
774,Netherlands,1999,221104.558272168
775,Netherlands,1998,234437.62369454
776,Netherlands,1997,233882.299661937
777,Netherlands,1996,242076.948056714
778,Netherlands,1995,231011.58857423198
779,Netherlands,1994,230815.637062213
780,Netherlands,1993,229929.206523661
781,Netherlands,1992,229170.71726027
782,Netherlands,1991,228440.892748331
783,Netherlands,1990,220793.62573548302
784,New Zealand,2017,80853.4684178722
785,New Zealand,2016,79136.1137482773
786,New Zealand,2015,81202.02278696709
787,New Zealand,2014,81310.1353522
788,New Zealand,2013,80540.6623342333
789,New Zealand,2012,81054.6615785621
790,New Zealand,2011,78679.1204825242
791,New Zealand,2010,78964.8984032738
792,New Zealand,2009,78477.2696090129
793,New Zealand,2008,81266.8945009535
794,New Zealand,2007,81325.40141014941
795,New Zealand,2006,83442.2788538616
796,New Zealand,2005,83270.2265378677
797,New Zealand,2004,81250.9874834214
798,New Zealand,2003,81590.5282142529
799,New Zealand,2002,79386.9917949056
800,New Zealand,2001,79102.95821425981
801,New Zealand,2000,76179.5169524862
802,New Zealand,1999,74082.6144415836
803,New Zealand,1998,72236.3967014015
804,New Zealand,1997,74327.0566522734
805,New Zealand,1996,71541.0536342128
806,New Zealand,1995,69411.763886028
807,New Zealand,1994,68702.6416333101
808,New Zealand,1993,67383.4205483048
809,New Zealand,1992,67620.6122742262
810,New Zealand,1991,66490.8766230562
811,New Zealand,1990,65668.2542702139
812,Norway,2017,52712.5433375466
813,Norway,2016,53607.836648561904
814,Norway,2015,54450.0305137129
815,Norway,2014,54127.24956537691
816,Norway,2013,54015.2397224492
817,Norway,2012,54090.2827183912
818,Norway,2011,54638.04608688191
819,Norway,2010,55466.749907516394
820,Norway,2009,53178.4904478356
821,Norway,2008,55595.9109319755
822,Norway,2007,57013.372354063606
823,Norway,2006,55327.357786156295
824,Norway,2005,55366.8686169831
825,Norway,2004,56203.3973804497
826,Norway,2003,55694.3031711491
827,Norway,2002,55029.0122968482
828,Norway,2001,56117.8135103253
829,Norway,2000,54831.9630131072
830,Norway,1999,55365.3597771232
831,Norway,1998,54425.763838542196
832,Norway,1997,54222.0990203509
833,Norway,1996,54291.2008949854
834,Norway,1995,51278.315422541906
835,Norway,1994,50995.815600645095
836,Norway,1993,49153.9549493253
837,Norway,1992,47321.2525640125
838,Norway,1991,48975.863455059596
839,Norway,1990,51210.399057886796
840,Poland,2017,413781.400908309
841,Poland,2016,399122.534934499
842,Poland,2015,390444.59533558396
843,Poland,2014,387087.466319868
844,Poland,2013,399974.182503635
845,Poland,2012,403648.281657346
846,Poland,2011,411033.61203440296
847,Poland,2010,411668.71216873795
848,Poland,2009,393443.181981564
849,Poland,2008,411395.64164909
850,Poland,2007,418633.150770145
851,Poland,2006,418137.52372278797
852,Poland,2005,403424.41864463396
853,Poland,2004,403040.147012244
854,Poland,2003,398004.61329729104
855,Poland,2002,384386.31027133
856,Poland,2001,394370.74237233604
857,Poland,2000,395472.416307459
858,Poland,1999,406559.568573552
859,Poland,1998,417992.07567254
860,Poland,1997,449500.939866892
861,Poland,1996,458389.53717390005
862,Poland,1995,444963.245360867
863,Poland,1994,443645.88061300706
864,Poland,1993,448829.49977032
865,Poland,1992,449315.745354441
866,Poland,1991,462290.209366724
867,Poland,1990,474350.112095755
868,Portugal,2017,70546.2965909662
869,Portugal,2016,65935.727643287
870,Portugal,2015,67735.4076936604
871,Portugal,2014,63708.9294953156
872,Portugal,2013,63710.7272103992
873,Portugal,2012,65556.08832607481
874,Portugal,2011,67416.85310123861
875,Portugal,2010,68800.683347638
876,Portugal,2009,73032.4885827381
877,Portugal,2008,76157.3259886601
878,Portugal,2007,78574.8286548222
879,Portugal,2006,80855.0103518158
880,Portugal,2005,85610.3511861358
881,Portugal,2004,83348.6838714237
882,Portugal,2003,80266.1923838009
883,Portugal,2002,85600.832890703
884,Portugal,2001,81689.75150728
885,Portugal,2000,82081.958778303
886,Portugal,1999,82757.7502359393
887,Portugal,1998,74682.2369167432
888,Portugal,1997,69943.2577456779
889,Portugal,1996,66652.4109006716
890,Portugal,1995,68927.37501237339
891,Portugal,1994,64535.9555744811
892,Portugal,1993,63669.5691210649
893,Portugal,1992,65086.3472274025
894,Portugal,1991,60795.845707800305
895,Portugal,1990,59091.5975832664
896,Romania,2017,113795.94513212
897,Romania,2016,114272.29697585599
898,Romania,2015,116462.878931614
899,Romania,2014,116328.56611847099
900,Romania,2013,116304.93762184301
901,Romania,2012,125917.06842550801
902,Romania,2011,129229.57602212
903,Romania,2010,123904.96469541301
904,Romania,2009,129622.368025961
905,Romania,2008,149572.571730042
906,Romania,2007,153116.766939962
907,Romania,2006,152072.149957609
908,Romania,2005,151352.499035577
909,Romania,2004,152515.69063302
910,Romania,2003,153745.205106265
911,Romania,2002,148861.17551759802
912,Romania,2001,146156.293552316
913,Romania,2000,143126.493891121
914,Romania,1999,147872.44564361
915,Romania,1998,166824.064501423
916,Romania,1997,186026.610919865
917,Romania,1996,189564.996132682
918,Romania,1995,187178.799097382
919,Romania,1994,180179.402662104
920,Romania,1993,182119.45805117398
921,Romania,1992,190986.49974307397
922,Romania,1991,204952.791290108
923,Romania,1990,248068.365545524
924,Russian Federation,2017,2155470.66880494
925,Russian Federation,2016,2097476.83584543
926,Russian Federation,2015,2093652.94157973
927,Russian Federation,2014,2089475.08176025
928,Russian Federation,2013,2090717.03269969
929,Russian Federation,2012,2146305.49849569
930,Russian Federation,2011,2120496.66749001
931,Russian Federation,2010,2057672.76734425
932,Russian Federation,2009,1960223.76828554
933,Russian Federation,2008,2097172.64799337
934,Russian Federation,2007,2058076.27751761
935,Russian Federation,2006,2056688.15412105
936,Russian Federation,2005,1993962.73746657
937,Russian Federation,2004,1973483.87797172
938,Russian Federation,2003,1958581.74227664
939,Russian Federation,2002,1923732.08808976
940,Russian Federation,2001,1941993.68668969
941,Russian Federation,2000,1900819.65578996
942,Russian Federation,1999,1904985.78915696
943,Russian Federation,1998,1879190.44519373
944,Russian Federation,1997,1912592.15585112
945,Russian Federation,1996,2029804.96924374
946,Russian Federation,1995,2084833.22332185
947,Russian Federation,1994,2137001.03351274
948,Russian Federation,1993,2399328.57106804
949,Russian Federation,1992,2537053.86681469
950,Russian Federation,1991,3024288.32860474
951,Russian Federation,1990,3186796.00089459
952,Slovakia,2017,43437.5016626229
953,Slovakia,2016,42298.0935111058
954,Slovakia,2015,41782.3509242484
955,Slovakia,2014,40779.4969191904
956,Slovakia,2013,42827.4696630496
957,Slovakia,2012,43120.3057534574
958,Slovakia,2011,45640.681525801105
959,Slovakia,2010,46367.3607197037
960,Slovakia,2009,45532.0875123072
961,Slovakia,2008,49830.30946434179
962,Slovakia,2007,49331.49556759
963,Slovakia,2006,51110.559468285704
964,Slovakia,2005,51229.5622989766
965,Slovakia,2004,51234.1309828169
966,Slovakia,2003,50470.7178139677
967,Slovakia,2002,50188.91656249481
968,Slovakia,2001,51558.6680761108
969,Slovakia,2000,49262.923332399405
970,Slovakia,1999,51158.153890369
971,Slovakia,1998,52499.686857733395
972,Slovakia,1997,53084.7483440415
973,Slovakia,1996,53196.013729138
974,Slovakia,1995,53273.464641094804
975,Slovakia,1994,52694.9950547414
976,Slovakia,1993,55029.4101957645
977,Slovakia,1992,58560.4703144608
978,Slovakia,1991,63958.2154048518
979,Slovakia,1990,73365.0927827062
980,Slovenia,2017,17453.4951497592
981,Slovenia,2016,17681.2805344944
982,Slovenia,2015,16819.7897538901
983,Slovenia,2014,16625.5557596266
984,Slovenia,2013,18359.1673713865
985,Slovenia,2012,19062.2858910473
986,Slovenia,2011,19634.7905368083
987,Slovenia,2010,19625.9129966429
988,Slovenia,2009,19601.5461005176
989,Slovenia,2008,21572.751017823797
990,Slovenia,2007,20847.1621600908
991,Slovenia,2006,20707.1738957747
992,Slovenia,2005,20519.4634624849
993,Slovenia,2004,20217.0075987653
994,Slovenia,2003,19899.910711025
995,Slovenia,2002,20175.9977313973
996,Slovenia,2001,19994.1729705363
997,Slovenia,2000,19075.522716640102
998,Slovenia,1999,18833.3695410368
999,Slovenia,1998,19464.3762528512
1000,Slovenia,1997,19707.8493795714
1001,Slovenia,1996,19355.6681187324
1002,Slovenia,1995,18720.716803138
1003,Slovenia,1994,18025.2806574503
1004,Slovenia,1993,17621.3019856693
1005,Slovenia,1992,17419.116023306
1006,Slovenia,1991,17320.146810334198
1007,Slovenia,1990,18639.2846980018
1008,Spain,2017,340230.875538649
1009,Spain,2016,326383.407381085
1010,Spain,2015,337598.744784099
1011,Spain,2014,326120.999584584
1012,Spain,2013,323441.19566265104
1013,Spain,2012,350671.711422179
1014,Spain,2011,357344.003235806
1015,Spain,2010,357676.779921653
1016,Spain,2009,372107.489787255
1017,Spain,2008,411404.408081784
1018,Spain,2007,445157.5235519
1019,Spain,2006,434005.88813682797
1020,Spain,2005,441038.20982475
1021,Spain,2004,426792.945364521
1022,Spain,2003,410975.147717616
1023,Spain,2002,403569.262101574
1024,Spain,2001,385240.58554229897
1025,Spain,2000,387527.926755167
1026,Spain,1999,372043.26847584295
1027,Spain,1998,344565.814463376
1028,Spain,1997,334703.801771428
1029,Spain,1996,320379.307918847
1030,Spain,1995,328614.073846987
1031,Spain,1994,312540.17616982
1032,Spain,1993,295737.620593242
1033,Spain,1992,305976.113873424
1034,Spain,1991,296204.03868665104
1035,Spain,1990,288492.484011664
1036,Sweden,2017,52660.2674342231
1037,Sweden,2016,52942.8143736783
1038,Sweden,2015,53460.5751178204
1039,Sweden,2014,53831.574257883796
1040,Sweden,2013,55366.276694502194
1041,Sweden,2012,56872.5500985479
1042,Sweden,2011,60207.287053208
1043,Sweden,2010,64282.2207759566
1044,Sweden,2009,58340.4568349894
1045,Sweden,2008,62566.4973031257
1046,Sweden,2007,64935.638868904
1047,Sweden,2006,66536.1333870496
1048,Sweden,2005,66587.2674420283
1049,Sweden,2004,69319.2065951595
1050,Sweden,2003,70211.600626547
1051,Sweden,2002,69791.14931994361
1052,Sweden,2001,68853.733329979
1053,Sweden,2000,68482.626744382
1054,Sweden,1999,69631.219806138
1055,Sweden,1998,72496.3402048737
1056,Sweden,1997,72137.1398652017
1057,Sweden,1996,76893.8607009741
1058,Sweden,1995,73287.2020938963
1059,Sweden,1994,73570.9553917835
1060,Sweden,1993,71192.3398616068
1061,Sweden,1992,70923.02493940589
1062,Sweden,1991,71481.9257531396
1063,Sweden,1990,71303.679866053
1064,Switzerland,2017,47158.9634347588
1065,Switzerland,2016,48182.7761416021
1066,Switzerland,2015,47815.88163220519
1067,Switzerland,2014,48364.0957578032
1068,Switzerland,2013,52229.4049833983
1069,Switzerland,2012,51455.518503286396
1070,Switzerland,2011,50028.649725531395
1071,Switzerland,2010,54117.0926898916
1072,Switzerland,2009,52562.466007394
1073,Switzerland,2008,53913.7288153775
1074,Switzerland,2007,52441.788567203395
1075,Switzerland,2006,54334.7767296517
1076,Switzerland,2005,54714.178067818495
1077,Switzerland,2004,54029.3076847329
1078,Switzerland,2003,53400.8526780018
1079,Switzerland,2002,52265.5187714941
1080,Switzerland,2001,53893.457115356105
1081,Switzerland,2000,52352.2103616901
1082,Switzerland,1999,52975.636625578
1083,Switzerland,1998,53252.8891760938
1084,Switzerland,1997,51609.5547072604
1085,Switzerland,1996,52800.04270064441
1086,Switzerland,1995,52188.897493525
1087,Switzerland,1994,51324.7314619701
1088,Switzerland,1993,52324.5740666529
1089,Switzerland,1992,54879.358422555306
1090,Switzerland,1991,55116.5650800395
1091,Switzerland,1990,53251.5952115535
1092,Turkey,2017,526252.987806657
1093,Turkey,2016,498468.938974021
1094,Turkey,2015,472190.80995944
1095,Turkey,2014,457961.86822758603
1096,Turkey,2013,438968.82152478705
1097,Turkey,2012,446935.086743546
1098,Turkey,2011,427571.904589811
1099,Turkey,2010,398660.532921002
1100,Turkey,2009,395515.458482629
1101,Turkey,2008,387593.326831207
1102,Turkey,2007,391422.845693155
1103,Turkey,2006,358154.979649486
1104,Turkey,2005,337212.680318959
1105,Turkey,2004,314951.02521918
1106,Turkey,2003,305596.12722182
1107,Turkey,2002,286072.833816876
1108,Turkey,2001,280410.863071707
1109,Turkey,2000,298889.947158208
1110,Turkey,1999,277758.54827738
1111,Turkey,1998,280288.338417532
1112,Turkey,1997,278606.56262761
1113,Turkey,1996,267232.25656887697
1114,Turkey,1995,247584.90510570898
1115,Turkey,1994,234126.675303925
1116,Turkey,1993,240148.978816422
1117,Turkey,1992,232801.912837565
1118,Turkey,1991,226578.187559403
1119,Turkey,1990,219201.694238434
1120,Ukraine,2017,320625.8204168
1121,Ukraine,2016,335115.70223677397
1122,Ukraine,2015,316771.062352068
1123,Ukraine,2014,360266.92412518297
1124,Ukraine,2013,406506.772837596
1125,Ukraine,2012,415232.23698547203
1126,Ukraine,2011,426079.807152412
1127,Ukraine,2010,405103.276701255
1128,Ukraine,2009,388280.19018785603
1129,Ukraine,2008,448600.960682138
1130,Ukraine,2007,461191.59560357
1131,Ukraine,2006,457685.29820198397
1132,Ukraine,2005,440084.61141862
1133,Ukraine,2004,440910.468277248
1134,Ukraine,2003,438331.615956492
1135,Ukraine,2002,428806.352507186
1136,Ukraine,2001,443633.171086125
1137,Ukraine,2000,425535.743390924
1138,Ukraine,1999,447312.00859534
1139,Ukraine,1998,478324.974808226
1140,Ukraine,1997,496742.701720229
1141,Ukraine,1996,512482.354027008
1142,Ukraine,1995,558897.721617976
1143,Ukraine,1994,601634.1836988
1144,Ukraine,1993,707343.879767688
1145,Ukraine,1992,797505.045144294
1146,Ukraine,1991,852383.805282778
1147,Ukraine,1990,938603.0745975691
1148,United Kingdom,2017,474346.11913667206
1149,United Kingdom,2016,487034.98588268296
1150,United Kingdom,2015,511980.260075689
1151,United Kingdom,2014,529502.806331641
1152,United Kingdom,2013,569901.738759139
1153,United Kingdom,2012,583652.530378358
1154,United Kingdom,2011,567160.785341454
1155,United Kingdom,2010,614360.615154535
1156,United Kingdom,2009,599870.776211279
1157,United Kingdom,2008,655903.390352965
1158,United Kingdom,2007,676322.43620522
1159,United Kingdom,2006,688015.3370680771
1160,United Kingdom,2005,695164.991288847
1161,United Kingdom,2004,702933.154143961
1162,United Kingdom,2003,706205.016709193
1163,United Kingdom,2002,699148.1500534071
1164,United Kingdom,2001,718693.01867135
1165,United Kingdom,2000,715687.1098351609
1166,United Kingdom,1999,715996.755939894
1167,United Kingdom,1998,746499.570686802
1168,United Kingdom,1997,747861.87286029
1169,United Kingdom,1996,773285.546380333
1170,United Kingdom,1995,751272.368997502
1171,United Kingdom,1994,757971.579863656
1172,United Kingdom,1993,766960.717211144
1173,United Kingdom,1992,786249.3858938259
1174,United Kingdom,1991,807118.94369891
1175,United Kingdom,1990,797947.890788672
1176,United States of America,2017,6456718.19283028
1177,United States of America,2016,6492267.42469158
1178,United States of America,2015,6623775.47937085
1179,United States of America,2014,6759995.63260237
1180,United States of America,2013,6710218.17534669
1181,United States of America,2012,6545969.33135289
1182,United States of America,2011,6787419.0277563
1183,United States of America,2010,6938591.68068436
1184,United States of America,2009,6709369.14480583
1185,United States of America,2008,7160600.81275775
1186,United States of America,2007,7369967.70618675
1187,United States of America,2006,7270326.94846978
1188,United States of America,2005,7339039.86855077
1189,United States of America,2004,7333052.04938458
1190,United States of America,2003,7199262.66158378
1191,United States of America,2002,7156652.86777858
1192,United States of America,2001,7116810.08180099
1193,United States of America,2000,7232010.773673
1194,United States of America,1999,7071461.45679008
1195,United States of America,1998,7032526.01005007
1196,United States of America,1997,6968461.97082739
1197,United States of America,1996,6907699.05437487
1198,United States of America,1995,6710067.29718853
1199,United States of America,1994,6624835.78734088
1200,United States of America,1993,6532069.59586344
1201,United States of America,1992,6424934.3566119
1202,United States of America,1991,6315615.19419874
1203,United States of America,1990,6371000.54269137
